r,count,elasticity,reliable,reference,low,high
0.0,0,0.0000,0,0.0000,0.0000,0.0000
25.0,0,0.0000,0,1.9000,0.0000,0.0000
50.0,0,0.0000,0,1.9000,0.0000,10.0000
75.0,1,0.0000,0,1.9000,0.0000,10.0000
100.0,1,0.0000,0,1.9000,0.0000,10.0000
125.0,1,0.0000,0,1.9000,0.0000,10.0000
150.0,1,0.0000,0,1.9000,0.0000,10.0000
175.0,1,0.0000,0,1.9000,0.0000,10.0000
200.0,1,0.0000,0,1.9000,0.0000,6.6667
225.0,1,0.0000,0,1.9000,0.0000,6.0000
250.0,1,0.0000,0,1.9000,0.0000,5.5556
275.0,1,0.0000,0,1.9000,0.0000,5.0000
300.0,2,5.0000,0,1.9000,0.0000,4.4444
325.0,2,0.0000,0,1.9000,0.0000,4.2857
350.0,2,0.0000,0,1.9000,0.0000,4.0000
375.0,4,5.0000,0,1.9000,0.0000,4.1176
400.0,7,5.7143,0,1.9000,0.0000,3.9130
425.0,10,5.0000,0,1.9000,0.4762,3.7037
450.0,18,5.0000,0,1.9000,0.4000,3.7500
475.0,44,7.2727,1,1.9000,0.6667,3.5000
500.0,66,7.2727,1,1.9000,0.5882,3.6364
525.0,81,4.8148,1,1.9000,0.6897,3.4211
550.0,92,3.2609,1,1.9000,0.6667,3.3333
575.0,102,2.2549,1,1.9000,0.7692,3.2353
600.0,110,2.2727,1,1.9000,0.7692,3.1746
625.0,115,1.8261,1,1.9000,0.8511,3.0952
650.0,123,1.2195,1,1.9000,0.9615,3.0612
675.0,139,1.7986,1,1.9000,0.9615,3.0508
700.0,147,2.0408,1,1.9000,0.9259,3.0233
725.0,148,1.5541,1,1.9000,1.0526,3.0303
750.0,153,0.9150,1,1.9000,1.0127,2.9412
775.0,157,0.6369,1,1.9000,1.0606,2.8571
800.0,164,0.9756,1,1.9000,1.1111,2.7500
825.0,169,0.9467,1,1.9000,1.0390,2.7586
850.0,180,1.3333,1,1.9000,1.1250,2.7027
875.0,187,1.4973,1,1.9000,1.1392,2.7174
900.0,196,1.5816,1,1.9000,1.1458,2.7551
925.0,220,2.1818,1,1.9000,1.1304,2.6667
950.0,232,2.1552,1,1.9000,1.1828,2.6415
975.0,241,2.2407,1,1.9000,1.2121,2.6549
1000.0,254,2.2835,1,1.9000,1.2500,2.6471
1025.0,262,1.6794,1,1.9000,1.2605,2.6829
1050.0,272,1.5809,1,1.9000,1.2583,2.6316
1075.0,281,1.4591,1,1.9000,1.3115,2.5781
1100.0,282,1.1702,1,1.9000,1.2977,2.5714
1125.0,290,1.1724,1,1.9000,1.3043,2.6087
1150.0,298,1.0738,1,1.9000,1.3253,2.5309
1175.0,306,1.0784,1,1.9000,1.3333,2.5000
1200.0,315,1.0794,1,1.9000,1.3260,2.4590
1225.0,329,1.4286,1,1.9000,1.3636,2.4731
1250.0,341,1.4956,1,1.9000,1.3812,2.4490
1275.0,353,1.6147,1,1.9000,1.3636,2.4365
1300.0,372,1.8548,1,1.9000,1.3793,2.4324
1325.0,388,1.8814,1,1.9000,1.3825,2.4171
1350.0,399,1.9048,1,1.9000,1.3613,2.4215
1375.0,409,1.7848,1,1.9000,1.3942,2.4272
1400.0,423,1.7730,1,1.9000,1.4027,2.4074
1425.0,440,1.7955,1,1.9000,1.3846,2.4231
1450.0,450,1.6667,1,1.9000,1.4286,2.4400
1475.0,455,1.4286,1,1.9000,1.4000,2.4031
1500.0,467,1.4561,1,1.9000,1.4400,2.4107
1525.0,474,1.3924,1,1.9000,1.4232,2.3897
1550.0,478,1.2343,1,1.9000,1.4658,2.3810
1575.0,486,1.0700,1,1.9000,1.4386,2.3711
1600.0,493,0.9533,1,1.9000,1.4583,2.3529
1625.0,497,0.9054,1,1.9000,1.4658,2.3418
1650.0,501,0.7984,1,1.9000,1.4667,2.3179
1675.0,509,0.8055,1,1.9000,1.4861,2.3052
1700.0,517,0.8317,1,1.9000,1.5014,2.3242
1725.0,525,0.8952,1,1.9000,1.5126,2.3164
1750.0,538,0.9665,1,1.9000,1.5217,2.3014
1775.0,549,1.0200,1,1.9000,1.5143,2.3014
1800.0,563,1.1723,1,1.9000,1.5235,2.2959
1825.0,578,1.3668,1,1.9000,1.5119,2.2760
1850.0,590,1.3898,1,1.9000,1.5313,2.2738
1875.0,603,1.5091,1,1.9000,1.5313,2.2829
1900.0,613,1.5008,1,1.9000,1.5294,2.2844
1925.0,619,1.4540,1,1.9000,1.5367,2.2706
1950.0,630,1.4127,1,1.9000,1.5453,2.2814
1975.0,639,1.3928,1,1.9000,1.5584,2.2637
2000.0,645,1.2713,1,1.9000,1.5702,2.2378
2025.0,650,1.1231,1,1.9000,1.5702,2.2376
2050.0,655,1.0076,1,1.9000,1.5789,2.2485
2075.0,659,0.9256,1,1.9000,1.5770,2.2626
2100.0,669,0.9118,1,1.9000,1.5728,2.2485
2125.0,679,0.9131,1,1.9000,1.5838,2.2182
2150.0,688,0.9448,1,1.9000,1.5690,2.2222
2175.0,699,0.9299,1,1.9000,1.5836,2.2318
2200.0,703,0.8819,1,1.9000,1.5826,2.2260
2225.0,708,0.8757,1,1.9000,1.5845,2.2059
2250.0,716,0.9218,1,1.9000,1.5902,2.2115
2275.0,723,0.9405,1,1.9000,1.5981,2.2069
2300.0,726,0.9229,1,1.9000,1.5980,2.2117
2325.0,730,0.8630,1,1.9000,1.5863,2.1970
2350.0,736,0.8016,1,1.9000,1.5938,2.1933
2375.0,746,0.8713,1,1.9000,1.5906,2.2068
2400.0,752,0.7580,1,1.9000,1.5976,2.1924
2425.0,758,0.7784,1,1.9000,1.6102,2.1810
2450.0,763,0.7733,1,1.9000,1.6208,2.2039
2475.0,770,0.8052,1,1.9000,1.6285,2.2053
2500.0,782,0.8440,1,1.9000,1.6282,2.1858
2525.0,788,0.8503,1,1.9000,1.6227,2.1717
2550.0,797,0.8908,1,1.9000,1.6273,2.1688
2575.0,815,1.0675,1,1.9000,1.6457,2.1914
2600.0,833,1.2005,1,1.9000,1.6438,2.1879
2625.0,865,1.4335,1,1.9000,1.6542,2.1631
2650.0,882,1.5193,1,1.9000,1.6588,2.1520
2675.0,896,1.6071,1,1.9000,1.6490,2.1628
2700.0,909,1.6612,1,1.9000,1.6322,2.1558
2725.0,924,1.7208,1,1.9000,1.6591,2.1556
2750.0,934,1.7559,1,1.9000,1.6573,2.1588
2775.0,945,1.7249,1,1.9000,1.6432,2.1569
2800.0,952,1.7332,1,1.9000,1.6507,2.1558
2825.0,964,1.7324,1,1.9000,1.6632,2.1579
2850.0,976,1.7418,1,1.9000,1.6580,2.1481
2875.0,993,1.7120,1,1.9000,1.6633,2.1450
2900.0,1005,1.6119,1,1.9000,1.6716,2.1457
2925.0,1019,1.4426,1,1.9000,1.6683,2.1408
2950.0,1043,1.5244,1,1.9000,1.6635,2.1477
2975.0,1059,1.5203,1,1.9000,1.6635,2.1395
3000.0,1071,1.5126,1,1.9000,1.6713,2.1382